Year,Total Cost
0,2016,999815131.7418578
1,2017,1028816542.5086828
2,2018,1108641798.0211983
3,2019,1140677801.3291998
