Year,Total Cost
0,2016,993036349.927522
1,2017,1019734798.4962356
2,2018,1103863092.2770185
3,2019,1143495341.1529646
