Year,Total Cost
0,2016,980874494.8110019
1,2017,1008202431.168123
2,2018,1094422650.703521
3,2019,1132374269.9844232
