Year,Total Cost
0,2016,987415226.0503675
1,2017,1015814455.0246129
2,2018,1101886151.722947
3,2019,1140911892.8279965
