Year,Total Cost
0,2016,981042796.089349
1,2017,1009770935.2394418
2,2018,1089745313.6318645
3,2019,1122024103.0321932
