Year,Total Cost
0,2016,994596609.3531812
1,2017,1020661355.3105412
2,2018,1102564656.0088537
3,2019,1128138573.4726224
