Year,Total Cost
0,2016,979638848.5609963
1,2017,1006974868.0922089
2,2018,1093235960.337372
3,2019,1131039372.0951548
