Year,Total Cost
0,2016,991269011.9510814
1,2017,1018476219.0760865
2,2018,1100523702.6603239
3,2019,1126256601.268589
