Year,Total Cost
0,2016,993036349.9038844
1,2017,1019734798.4742801
2,2018,1103863092.2770183
3,2019,1143495341.152965
