Year,Total Cost
0,2016,990743448.5965211
1,2017,1016852612.3105412
2,2018,1098694656.0088537
3,2019,1124268573.4726224
