Year,Total Cost
0,2016,987385862.3227285
1,2017,1015074511.2188538
2,2018,1102050305.2258315
3,2019,1140902344.9375155
