Hidden,0
Stated,0.08634011611096964
Hidden,0.043224409811652265
Total,0.1295645259226219
