Hidden,0
Stated,0.11947749038840877
Hidden,0.05495375144549924
Total,0.17443124183390799
