Hidden,0
Stated,0.08753292186156239
Hidden,0.04339272687298282
Total,0.1309256487345452
